{
    "mAP": {
        "MAP@1": 3e-05,
        "MAP@10": 0.00023
    },
    "ndcg": {
        "NDCG@1": 1.0,
        "NDCG@10": 0.92642
    },
    "precision": {
        "P@1": 1.0,
        "P@10": 0.92
    },
    "recall": {
        "Recall@1": 3e-05,
        "Recall@10": 0.00025
    },
    "MRR": 1.0
}