{
    "dresses": {
        "91078035_4": 0.16873100399971008,
        "91317768_4": 0.16714879870414734,
        "91077709_4": 0.16644945740699768,
        "91420372_4": 0.16521035134792328,
        "91364714_4": 0.16475893557071686,
        "91227682_4": 0.16375955939292908,
        "91197961_4": 0.16338738799095154,
        "90132071_4": 0.16304822266101837,
        "37264044_2": 0.16236311197280884,
        "61100873_1": 0.16206403076648712
    },
    "jackets": {
        "91196074_0": 0.1608373522758484,
        "90796723_1": 0.15994292497634888,
        "89389941_0": 0.15579505264759064,
        "91093871_2": 0.15548107028007507,
        "90466212_2": 0.15318220853805542,
        "66694608_16": 0.15272736549377441,
        "90796723_0": 0.15242651104927063,
        "90131040_2": 0.1519930064678192,
        "91018842_1": 0.15155893564224243,
        "74798607_3": 0.15113019943237305
    },
    "pants": {
        "86967818_7": 0.17348362505435944,
        "89552036_3": 0.16422192752361298,
        "91422683_1": 0.16313861310482025,
        "90281708_1": 0.16030140221118927,
        "90174940_1": 0.15926137566566467,
        "90675901_0": 0.159135639667511,
        "88279794_2": 0.15869072079658508,
        "90698363_0": 0.15811796486377716,
        "91388677_2": 0.15805937349796295,
        "71127900_3": 0.15788418054580688
    },
    "skirts": {
        "91228461_0": 0.17783445119857788,
        "90925914_2": 0.17604857683181763,
        "71975705_1": 0.1753806471824646,
        "90695480_3": 0.17464616894721985,
        "90927908_3": 0.1742335855960846,
        "86462888_2": 0.17422284185886383,
        "87713596_5": 0.17378902435302734,
        "87465138_2": 0.17366522550582886,
        "90695480_1": 0.17350786924362183,
        "88530106_0": 0.1734388768672943
    },
    "tops": {
        "90997297_0": 0.15796533226966858,
        "91372348_4": 0.15680938959121704,
        "91421440_3": 0.15378546714782715,
        "91243006_1": 0.15098167955875397,
        "89330452_2": 0.1497575342655182,
        "91039473_4": 0.14961060881614685,
        "91334262_3": 0.14956419169902802,
        "91401869_0": 0.1493823528289795,
        "91068937_8": 0.14931291341781616,
        "88871367_3": 0.14921170473098755
    }
}