{
    "mAP": {
        "MAP@1": 0.06242,
        "MAP@10": 0.10752
    },
    "ndcg": {
        "NDCG@1": 0.063,
        "NDCG@10": 0.13649
    },
    "precision": {
        "P@1": 0.063,
        "P@10": 0.02375
    },
    "recall": {
        "Recall@1": 0.06242,
        "Recall@10": 0.2297
    },
    "MRR": 0.10791
}