{
    "mAP": {
        "MAP@1": 0.00017,
        "MAP@10": 0.00129
    },
    "ndcg": {
        "NDCG@1": 0.6129,
        "NDCG@10": 0.6035
    },
    "precision": {
        "P@1": 0.6129,
        "P@10": 0.60323
    },
    "recall": {
        "Recall@1": 0.00017,
        "Recall@10": 0.0015
    },
    "MRR": 0.73342
}