{
    "blazers and suit jackets": {
        "90546407_0": 0.36227017641067505,
        "89454083_0": 0.3569296598434448,
        "77486742_5": 0.35641753673553467,
        "91156105_1": 0.35580968856811523,
        "89119691_2": 0.35215842723846436,
        "76342660_3": 0.34939631819725037,
        "90510220_1": 0.3488483130931854,
        "56984221_5": 0.3488014340400696,
        "67968359_1": 0.34734445810317993,
        "90809359_1": 0.34501147270202637
    },
    "blouses": {
        "91026258_0": 0.35310453176498413,
        "91340028_3": 0.3459693193435669,
        "91340028_2": 0.3459693193435669,
        "89008846_2": 0.34534409642219543,
        "91315032_3": 0.3442419171333313,
        "90597237_2": 0.34373998641967773,
        "91026258_1": 0.34315839409828186,
        "75040786_4": 0.3416442275047302,
        "91036372_1": 0.33989426493644714,
        "91123694_0": 0.33961203694343567
    },
    "cargo pants": {
        "90053577_4": 0.3778442144393921,
        "89735861_0": 0.3770047724246979,
        "91340151_1": 0.37650901079177856,
        "89027762_5": 0.3744404911994934,
        "90374377_0": 0.3743685483932495,
        "90156729_0": 0.37247875332832336,
        "88274133_0": 0.3720264434814453,
        "89497645_1": 0.3719250559806824,
        "89335792_3": 0.37090596556663513,
        "88976082_2": 0.37073010206222534
    },
    "casual and day dresses": {
        "90132071_4": 0.3452145457267761,
        "88822252_1": 0.3383868932723999,
        "89147148_2": 0.33682453632354736,
        "90850427_4": 0.3361362814903259,
        "91332125_3": 0.334173321723938,
        "88399481_12": 0.3336178660392761,
        "91197961_4": 0.33043307065963745,
        "91364714_4": 0.32866865396499634,
        "88387053_4": 0.32747045159339905,
        "90721578_4": 0.3259751498699188
    },
    "casual jackets": {
        "89844372_3": 0.34600555896759033,
        "89943346_3": 0.34163761138916016,
        "89642375_0": 0.341232031583786,
        "66594606_0": 0.3412100076675415,
        "89558476_1": 0.34033361077308655,
        "90483470_1": 0.3399723172187805,
        "90769411_3": 0.33851170539855957,
        "91179196_3": 0.3370627760887146,
        "15901770_0": 0.3355974853038788,
        "65221559_16": 0.33547574281692505
    },
    "cocktail dresses": {
        "88198995_1": 0.34267517924308777,
        "91116985_0": 0.3265959918498993,
        "51061366_3": 0.3264463245868683,
        "89147148_2": 0.32619550824165344,
        "89253325_1": 0.32191020250320435,
        "90950519_1": 0.3177640438079834,
        "89625372_1": 0.31697189807891846,
        "91339184_2": 0.3163498640060425,
        "90623661_3": 0.31566643714904785,
        "90733030_5": 0.31524837017059326
    },
    "cropped pants": {
        "89833102_1": 0.3598560690879822,
        "90966611_1": 0.35606926679611206,
        "88903797_3": 0.3554936945438385,
        "91316040_1": 0.35517531633377075,
        "91401145_3": 0.3540944457054138,
        "88020041_3": 0.35379812121391296,
        "91434400_0": 0.3533163070678711,
        "88587170_3": 0.3533082604408264,
        "86462888_1": 0.3530356287956238,
        "91189776_2": 0.3524377644062042
    },
    "denim jackets": {
        "66594606_0": 0.38202813267707825,
        "89642375_0": 0.38193199038505554,
        "88575436_0": 0.380459725856781,
        "90427858_5": 0.378691166639328,
        "65221559_0": 0.3777558207511902,
        "65221559_16": 0.3767957389354706,
        "91429844_1": 0.37656477093696594,
        "91101762_2": 0.3751070201396942,
        "90911095_0": 0.3744792938232422,
        "36916447_6": 0.3741297721862793
    },
    "full length pants": {
        "88480479_3": 0.35224461555480957,
        "88298290_3": 0.35061293840408325,
        "91266265_1": 0.35036391019821167,
        "91353725_4": 0.34780821204185486,
        "91344333_3": 0.34744277596473694,
        "90743458_3": 0.3463965654373169,
        "88280290_1": 0.34580039978027344,
        "85267801_4": 0.3456021547317505,
        "90672496_1": 0.34252074360847473,
        "89932918_2": 0.3424929082393646
    },
    "fur jackets": {
        "91083425_1": 0.3837834298610687,
        "90467368_1": 0.38138914108276367,
        "82917549_2": 0.38086336851119995,
        "71717640_1": 0.38011446595191956,
        "89855289_3": 0.3797926604747772,
        "91203082_3": 0.379058301448822,
        "90467368_0": 0.37812140583992004,
        "90818211_1": 0.37736445665359497,
        "88017759_0": 0.377304345369339,
        "91083425_2": 0.3761485815048218
    },
    "gowns": {
        "90203158_0": 0.3075805902481079,
        "90203158_1": 0.30474644899368286,
        "88970774_11": 0.2980792224407196,
        "89966312_1": 0.2959688901901245,
        "91063024_2": 0.29544633626937866,
        "91063024_4": 0.29416918754577637,
        "91018763_1": 0.29403817653656006,
        "88897608_5": 0.29364579916000366,
        "88964228_1": 0.29223859310150146,
        "90122470_0": 0.2919088304042816
    },
    "harem pants": {
        "91433819_0": 0.36215364933013916,
        "88280290_2": 0.360540509223938,
        "88482743_1": 0.36009907722473145,
        "91224145_0": 0.3546736538410187,
        "91182643_1": 0.3545108437538147,
        "89970148_0": 0.35330113768577576,
        "87888723_2": 0.3520944118499756,
        "89689232_0": 0.35167527198791504,
        "90223192_2": 0.351227730512619,
        "91152228_1": 0.3510691523551941
    },
    "knee length skirts": {
        "88593076_0": 0.3775448799133301,
        "90553787_0": 0.3775114119052887,
        "87647625_1": 0.37585002183914185,
        "74364077_0": 0.3742992877960205,
        "90402272_0": 0.3728073835372925,
        "91402764_0": 0.36777669191360474,
        "90974979_0": 0.36557698249816895,
        "87966797_1": 0.36358553171157837,
        "72110061_0": 0.3631473779678345,
        "90557120_0": 0.36238253116607666
    },
    "leather jackets": {
        "89753249_1": 0.3768765926361084,
        "91123213_5": 0.3730454742908478,
        "91341322_3": 0.372249573469162,
        "68049244_1": 0.370101660490036,
        "91097256_2": 0.3696165680885315,
        "88654557_3": 0.36819320917129517,
        "76229791_3": 0.3676663041114807,
        "90854727_1": 0.3671969771385193,
        "90527720_4": 0.3669804036617279,
        "88624500_1": 0.36696189641952515
    },
    "leggings": {
        "91210840_2": 0.3702343702316284,
        "90969863_1": 0.36966511607170105,
        "91189756_0": 0.366557776927948,
        "90386118_3": 0.3664679229259491,
        "90386118_0": 0.3663734197616577,
        "90727684_0": 0.3660275340080261,
        "91204344_3": 0.3654870092868805,
        "91054565_1": 0.3650062084197998,
        "90440156_0": 0.36473405361175537,
        "90367356_5": 0.3646930456161499
    },
    "long sleeved tops": {
        "91179323_0": 0.36042478680610657,
        "90653250_2": 0.35573142766952515,
        "91170714_0": 0.3550531268119812,
        "89838462_2": 0.35438042879104614,
        "91218745_0": 0.3536350727081299,
        "91026622_3": 0.35304751992225647,
        "91201721_2": 0.3528817296028137,
        "91257440_3": 0.35180899500846863,
        "91070458_2": 0.35137248039245605,
        "91218267_4": 0.3512188196182251
    },
    "maxi and long dresses": {
        "89628187_0": 0.35562485456466675,
        "91197961_4": 0.3512572646141052,
        "90132071_4": 0.34908756613731384,
        "88897608_7": 0.3433516323566437,
        "91420372_4": 0.34070008993148804,
        "90850427_4": 0.339646577835083,
        "91341772_1": 0.33862540125846863,
        "88387053_4": 0.33847302198410034,
        "88399481_12": 0.33833539485931396,
        "91364714_4": 0.33738943934440613
    },
    "maxi skirts": {
        "89601097_0": 0.3686891794204712,
        "89607305_2": 0.36307209730148315,
        "90146839_3": 0.3627133369445801,
        "89609160_1": 0.3593330979347229,
        "89607894_3": 0.3593330979347229,