{
    "dresses": {
        "91197961_4": 0.3141635060310364,
        "88897608_7": 0.3117554783821106,
        "88399481_12": 0.3081567883491516,
        "91420372_4": 0.3074699938297272,
        "91352412_0": 0.307442307472229,
        "89824088_4": 0.30693984031677246,
        "90132071_4": 0.3063250184059143,
        "88387053_4": 0.30531251430511475,
        "90721578_4": 0.304012268781662,
        "90624753_3": 0.3032386004924774
    },
    "jackets": {
        "90155641_3": 0.33962762355804443,
        "89558476_1": 0.3335690498352051,
        "89744306_1": 0.3317859172821045,
        "90964293_1": 0.3281732499599457,
        "91148311_4": 0.32764238119125366,
        "88200514_0": 0.32738828659057617,
        "91010489_5": 0.3270035982131958,
        "56892496_0": 0.32645219564437866,
        "66594606_0": 0.3258645534515381,
        "89617510_0": 0.32526451349258423
    },
    "pants": {
        "89335792_4": 0.344163715839386,
        "91222124_4": 0.34307247400283813,
        "90131464_9": 0.34269392490386963,
        "89396763_3": 0.3419765532016754,
        "88280290_1": 0.3399167060852051,
        "91283478_2": 0.33926793932914734,
        "88298290_3": 0.33832547068595886,
        "89667840_3": 0.33784788846969604,
        "91148676_3": 0.33665329217910767,
        "88580557_1": 0.336175799369812
    },
    "skirts": {
        "87966797_1": 0.3397812247276306,
        "91040945_0": 0.33607250452041626,
        "91127339_2": 0.3320162296295166,
        "88475468_1": 0.32931649684906006,
        "89175881_0": 0.32878807187080383,
        "91166924_0": 0.3286881446838379,
        "90488682_1": 0.3280178904533386,
        "90595828_3": 0.3271521031856537,
        "90945637_0": 0.32666581869125366,
        "90834996_1": 0.32574278116226196
    },
    "tops": {
        "91436242_4": 0.3093740940093994,
        "91431789_0": 0.30632954835891724,
        "91029097_1": 0.30495399236679077,
        "91340296_4": 0.30275335907936096,
        "91274092_0": 0.30134230852127075,
        "91420711_0": 0.3012557029724121,
        "91341092_1": 0.30093586444854736,
        "91421483_3": 0.29916101694107056,
        "88383674_2": 0.2985038161277771,
        "91353416_3": 0.2974429130554199
    }
}