{
    "mAP": {
        "MAP@1": 0.07214,
        "MAP@10": 0.14607
    },
    "ndcg": {
        "NDCG@1": 0.1475,
        "NDCG@10": 0.18725
    },
    "precision": {
        "P@1": 0.1475,
        "P@10": 0.0601
    },
    "recall": {
        "Recall@1": 0.07214,
        "Recall@10": 0.2429
    },
    "MRR": 0.20306
}