{
    "mAP": {
        "MAP@1": 0.03915,
        "MAP@10": 0.07826
    },
    "ndcg": {
        "NDCG@1": 0.0805,
        "NDCG@10": 0.10754
    },
    "precision": {
        "P@1": 0.0805,
        "P@10": 0.0374
    },
    "recall": {
        "Recall@1": 0.03915,
        "Recall@10": 0.14596
    },
    "MRR": 0.11935
}