{
    "mAP": {
        "MAP@1": 0.01429,
        "MAP@10": 0.01429
    },
    "ndcg": {
        "NDCG@1": 0.2,
        "NDCG@10": 0.04402
    },
    "precision": {
        "P@1": 0.2,
        "P@10": 0.02
    },
    "recall": {
        "Recall@1": 0.01429,
        "Recall@10": 0.01429
    },
    "MRR": 0.2
}