{
    "mAP": {
        "MAP@1": 0.00017,
        "MAP@10": 0.00143
    },
    "ndcg": {
        "NDCG@1": 0.77419,
        "NDCG@10": 0.65383
    },
    "precision": {
        "P@1": 0.77419,
        "P@10": 0.63871
    },
    "recall": {
        "Recall@1": 0.00017,
        "Recall@10": 0.00164
    },
    "MRR": 0.86828
}