{
    "blazers and suit jackets": {
        "74798607_3": 0.18049025535583496,
        "90546407_0": 0.17923912405967712,
        "91146869_6": 0.17784824967384338,
        "89521764_2": 0.1767003834247589,
        "76479844_5": 0.17574095726013184,
        "91147247_12": 0.17336463928222656,
        "91156105_1": 0.1705382764339447,
        "74668446_1": 0.17011016607284546,
        "77486742_5": 0.16945868730545044,
        "90331715_0": 0.16944321990013123
    },
    "blouses": {
        "91190185_4": 0.15965420007705688,
        "91185028_4": 0.15693387389183044,
        "90997297_0": 0.1558254361152649,
        "91190734_4": 0.1532408446073532,
        "90926450_4": 0.15246938169002533,
        "91336623_4": 0.15210264921188354,
        "91270093_4": 0.15064850449562073,
        "89358991_2": 0.14942432940006256,
        "91419888_2": 0.14894095063209534,
        "89358991_1": 0.1485816240310669
    },
    "cargo pants": {
        "87843531_0": 0.1811135709285736,
        "90855901_2": 0.1796576976776123,
        "89471640_2": 0.17914918065071106,
        "89471640_3": 0.17872507870197296,
        "68077315_3": 0.17827853560447693,
        "87685014_2": 0.1781044751405716,
        "90855901_0": 0.17753863334655762,
        "91121935_4": 0.17486095428466797,
        "88946400_1": 0.17405979335308075
    },
    "casual and day dresses": {
        "91078035_4": 0.16406522691249847,
        "90948073_4": 0.1557464599609375,
        "90132071_4": 0.15564550459384918,
        "91317768_4": 0.15493807196617126,
        "90357881_2": 0.15489692986011505,
        "91364714_4": 0.15415529906749725,
        "91077709_4": 0.15394306182861328,
        "88387053_4": 0.15377609431743622,
        "90948073_0": 0.15350183844566345,
        "91380156_2": 0.15332025289535522
    },
    "casual jackets": {
        "91196074_0": 0.15889039635658264,
        "90796723_1": 0.15872234106063843,
        "91018842_1": 0.15625908970832825,
        "91145190_0": 0.15577425062656403,
        "91094343_2": 0.15496587753295898,
        "90090353_0": 0.15485364198684692,
        "85257849_1": 0.15414345264434814,
        "85257849_2": 0.15414345264434814,
        "91148311_0": 0.15365850925445557,
        "90135823_3": 0.15362650156021118
    },
    "cocktail dresses": {
        "37264044_2": 0.1790921837091446,
        "90303393_2": 0.17357221245765686,
        "89632883_0": 0.17176124453544617,
        "90934747_1": 0.16896159946918488,
        "89900357_0": 0.16850194334983826,
        "90153180_1": 0.1662590205669403,
        "91152097_2": 0.16408048570156097,
        "91403232_2": 0.16382217407226562,
        "91298535_0": 0.16355589032173157,
        "91232954_1": 0.1630946397781372
    },
    "cropped pants": {
        "91298527_0": 0.1851385533809662,
        "88917843_0": 0.18247263133525848,
        "87635463_4": 0.18231290578842163,
        "90725665_0": 0.18149517476558685,
        "90326322_0": 0.18120217323303223,
        "91256127_3": 0.18011729419231415,
        "91134316_0": 0.17989200353622437,
        "91117736_1": 0.17960025370121002,
        "89090736_3": 0.1789693683385849,
        "90483401_0": 0.17895857989788055
    },
    "denim jackets": {
        "91093871_2": 0.19388392567634583,
        "90665335_0": 0.18797734379768372,
        "89936090_1": 0.18797734379768372,
        "65697099_0": 0.1877400428056717,
        "91428134_0": 0.18648533523082733,
        "85305101_0": 0.1838555634021759,
        "89716291_5": 0.182680144906044,
        "91273764_3": 0.1819162368774414,
        "91130331_6": 0.18167972564697266,
        "89282707_5": 0.18159282207489014
    },
    "full length pants": {
        "90066488_1": 0.17155227065086365,
        "90066355_1": 0.17155227065086365,
        "86967818_7": 0.17076349258422852,
        "87166765_0": 0.16852009296417236,
        "88666829_3": 0.16848412156105042,
        "90914564_2": 0.16805802285671234,
        "91127352_3": 0.16789641976356506,
        "70651529_0": 0.16710375249385834,
        "90510950_1": 0.16688591241836548,
        "90389243_1": 0.16683799028396606
    },
    "fur jackets": {
        "76137235_2": 0.19033761322498322,
        "90797962_1": 0.1903115212917328,
        "90797813_0": 0.1892966777086258,
        "76137235_0": 0.18791942298412323,
        "63151436_5": 0.18739300966262817,
        "91133385_0": 0.18721000850200653,
        "88018988_0": 0.18467602133750916,
        "88016199_0": 0.18465018272399902,
        "90567375_0": 0.18389707803726196,
        "71717640_1": 0.18388020992279053
    },
    "gowns": {
        "88623336_2": 0.1536213606595993,
        "91154402_1": 0.15177945792675018,
        "90922391_4": 0.14992336928844452,
        "89666561_2": 0.14989101886749268,
        "90976449_1": 0.14918246865272522,
        "91150276_2": 0.1490555703639984,
        "89666561_1": 0.14897243678569794,
        "37264044_2": 0.14859433472156525,
        "91153777_2": 0.1475757360458374,
        "90674809_3": 0.14751051366329193
    },
    "harem pants": {
        "88482743_1": 0.19686195254325867,
        "90125367_2": 0.19142597913742065,
        "90883703_2": 0.19081918895244598,
        "87730838_2": 0.18962259590625763,
        "87730838_1": 0.1895504593849182,
        "90883703_1": 0.1893623173236847,
        "88482743_2": 0.18867415189743042,
        "67052031_3": 0.18842583894729614,
        "87730838_0": 0.18773499131202698,
        "90883703_0": 0.18766790628433228
    },
    "knee length skirts": {
        "82931924_0": 0.2022433578968048,
        "90215787_4": 0.199675053358078,
        "75636022_0": 0.19881319999694824,
        "90606788_0": 0.19871848821640015,
        "91022682_0": 0.19599290192127228,
        "90215787_0": 0.19568085670471191,
        "89970185_3": 0.19529521465301514,
        "49520512_7": 0.19453556835651398,
        "88487913_0": 0.1945059895515442,
        "86862326_1": 0.19447800517082214
    },
    "leather jackets": {
        "90847520_11": 0.17599868774414062,
        "91250203_6": 0.1704593151807785,
        "90064534_0": 0.17012761533260345,
        "91433820_0": 0.16881585121154785,
        "91129527_0": 0.168601855635643,
        "90888894_0": 0.1685921847820282,
        "90804373_1": 0.16714270412921906,
        "91147221_0": 0.1671120524406433,
        "88924960_0": 0.1670147329568863,
        "91341322_1": 0.16694879531860352
    },
    "leggings": {
        "91245501_2": 0.17940126359462738,
        "90695853_2": 0.17657345533370972,
        "90487857_1": 0.1748606264591217,
        "91124244_3": 0.17213314771652222,
        "90503349_0": 0.17065519094467163,
        "91260543_0": 0.17039406299591064,
        "91200961_3": 0.17004883289337158,
        "91315308_0": 0.1699749231338501,
        "91199697_3": 0.16957183182239532,
        "90734957_2": 0.16935119032859802
    },
    "long sleeved tops": {
        "67008399_0": 0.17706787586212158,
        "91383914_1": 0.1724623739719391,
        "91422467_4": 0.1702992022037506,
        "91110333_0": 0.16959822177886963,
        "91254832_0": 0.16788925230503082,
        "91392433_1": 0.16700762510299683,
        "91174325_3": 0.16561847925186157,
        "90653250_3": 0.1654575765132904,
        "91392034_3": 0.16536939144134521,
        "91071510_0": 0.16428081691265106
    },
    "maxi and long dresses": {
        "91259570_0": 0.16423556208610535,
        "90406632_2": 0.1641542613506317,
        "91341772_1": 0.15864402055740356,
        "90902802_0": 0.15805621445178986,
        "90725162_1": 0.15646497905254364,
        "90902802_1": 0.15578541159629822,
        "91126976_2": 0.1554705649614334,
        "91382626_2": 0.1549442857503891,
        "91356879_2": 0.15492050349712372,
        "89670032_0": 0.15473417937755585
    },
    "maxi skirts": {
        "90355039_4": 0.18155500292778015,
        "90355039_3": 0.1814751923084259,
        "90355039_1": 0.17851108312606812,
        "91128187_1": 0.17764899134635925,
        "87859901_2": 0.1774764209985733,