{
    "mAP": {
        "MAP@1": 0.11075,
        "MAP@10": 0.18548
    },
    "ndcg": {
        "NDCG@1": 0.1115,
        "NDCG@10": 0.23148
    },
    "precision": {
        "P@1": 0.1115,
        "P@10": 0.0389
    },
    "recall": {
        "Recall@1": 0.11075,
        "Recall@10": 0.37843
    },
    "MRR": 0.18653
}